{
  "name": "EasyDarwin",
  "title": "EasyDarwin API Reference",
  "order": [
    "stats",
    "Pushers",
    "Players",
    "stream",
    "StreamStart",
    "StreamStop",
    "record",
    "RecordFolders",
    "RecordFiles",
    "sys",
    "Login",
    "Logout",
    "GetUserInfo",
    "ModifyPassword",
    "GetServerInfo"
  ],
  "version": "8.1.0",
  "description": "EasyDarwin Open Source Media Server",
  "sampleUrl": false,
  "defaultVersion": "0.0.0",
  "apidoc": "0.3.0",
  "generator": {
    "name": "apidoc",
    "time": "2019-01-13T08:33:51.329Z",
    "url": "http://apidocjs.com",
    "version": "0.17.7"
  }
}
